,Latitude,Longitude,Cities,Cloudiness,Humidity,Temperature,Wind Speed
0,-33.02,27.91,east london,0.0,93.0,64.4,6.93
1,65.61,-37.64,tasiilaq,92.0,53.0,24.8,18.34
2,-21.36,55.77,saint-philippe,0.0,62.0,76.33,3.36
3,-5.2,-35.46,touros,75.0,83.0,78.8,4.7
4,42.1,-79.24,jamestown,90.0,92.0,23.23,6.93
5,-5.56,-80.82,sechura,66.0,75.0,70.72,10.29
6,-4.97,39.83,micheweni,7.0,78.0,81.09,10.0
7,51.26,-80.61,moose factory,90.0,72.0,14.0,14.99
8,-9.8,-139.03,atuona,10.0,77.0,78.69,22.75
9,30.76,20.23,ajdabiya,81.0,84.0,56.05,6.17
10,5.67,73.0,ugoofaaru,48.0,70.0,82.49,9.17
11,-2.92,-39.92,itarema,100.0,82.0,79.12,11.25
12,28.66,-17.92,los llanos de aridane,0.0,72.0,68.0,16.11
13,47.67,-52.73,torbay,90.0,73.0,25.5,35.57
14,42.6,-73.97,albany,90.0,100.0,14.99,8.05
15,-20.33,-40.29,vila velha,20.0,88.0,75.61,5.82
16,-25.17,45.05,beloha,3.0,42.0,86.67,3.89
17,-2.27,40.9,lamu,40.0,83.0,78.8,10.51
18,4.38,-7.72,harper,100.0,83.0,78.98,6.29
19,-46.19,168.86,mataura,11.0,64.0,60.01,8.01
20,-53.15,-70.92,punta arenas,100.0,70.0,44.29,31.09
21,-24.0,21.75,hukuntsi,0.0,65.0,71.22,13.49
22,25.29,51.53,doha,0.0,77.0,68.32,3.36
23,22.29,114.16,victoria,32.0,72.0,57.29,6.17
24,0.15,29.28,butembo,3.0,68.0,61.95,1.88
25,5.41,100.34,georgetown,40.0,83.0,82.0,5.82
26,-0.13,-67.09,sao gabriel da cachoeira,45.0,91.0,74.07,1.25
27,-4.42,-41.46,pedro ii,66.0,78.0,72.16,1.25
28,-4.32,20.58,ilebo,100.0,96.0,71.28,0.85
29,2.04,45.34,mogadishu,4.0,77.0,79.09,16.26
30,10.63,-8.68,mandiana,96.0,58.0,74.97,4.25
31,-38.0,-57.56,mar del plata,0.0,48.0,63.93,11.41
32,63.75,-68.51,iqaluit,90.0,65.0,3.2,12.75
33,14.9,-24.5,sao filipe,100.0,74.0,72.45,12.37
34,-22.96,14.51,walvis bay,7.0,82.0,62.78,8.05
35,20.93,-17.03,nouadhibou,0.0,77.0,62.6,27.51
36,36.72,15.09,pachino,78.0,93.0,51.8,3.36
37,0.53,72.93,thinadhoo,2.0,70.0,82.17,6.06
38,-6.6,-44.08,pastos bons,95.0,82.0,72.82,2.48
39,-7.95,110.28,bambanglipuro,12.0,70.0,83.89,9.69
40,-22.97,-42.03,arraial do cabo,61.0,91.0,74.86,15.97
41,5.66,-53.78,mana,100.0,89.0,77.16,7.43
43,6.74,6.14,ekpoma,78.0,98.0,72.36,4.21
44,25.67,94.5,phek,3.0,49.0,63.9,0.94
45,-8.47,118.72,bima,69.0,60.0,89.17,2.91
47,18.69,12.92,bilma,0.0,32.0,60.67,8.1
48,-14.66,17.69,menongue,94.0,71.0,63.79,4.76
49,-6.64,-51.99,sao felix do xingu,91.0,85.0,72.45,1.7
50,-12.78,15.74,huambo,85.0,92.0,57.4,1.63
51,-3.14,142.35,aitape,100.0,74.0,83.98,2.84
52,-13.7,-76.22,pisco,0.0,88.0,66.11,4.7
53,10.95,-4.93,orodara,0.0,44.0,77.0,2.24
54,6.88,73.1,dhidhdhoo,30.0,66.0,82.09,4.54
55,-34.53,20.04,bredasdorp,91.0,72.0,64.4,5.82
56,51.89,26.85,stolin,83.0,99.0,31.75,3.36
57,-0.72,8.78,port-gentil,100.0,86.0,78.28,14.81
58,60.72,-46.03,qaqortoq,100.0,38.0,41.0,28.86
59,64.25,-15.21,hofn,100.0,90.0,39.47,17.96
60,-54.8,-68.3,ushuaia,40.0,81.0,42.8,27.51
61,12.52,-70.03,oranjestad,20.0,78.0,80.6,14.99
62,39.89,4.27,mahon,98.0,93.0,59.0,6.93
63,-4.88,29.63,kigoma,40.0,100.0,66.2,5.23
64,4.68,12.37,nanga eboko,48.0,95.0,68.63,2.21
65,48.65,-53.11,bonavista,100.0,79.0,21.2,11.41
66,-6.11,-38.21,pau dos ferros,85.0,70.0,77.16,5.08
67,-34.93,138.6,adelaide,75.0,52.0,65.77,20.8
68,-1.57,9.26,omboue,100.0,92.0,74.71,4.34
69,-33.65,115.33,busselton,0.0,46.0,75.0,5.01
70,12.18,-4.08,solenzo,88.0,24.0,72.25,5.88
71,41.49,12.62,anzio,20.0,87.0,47.84,5.82
72,-1.95,18.27,inongo,85.0,97.0,71.01,4.29
73,-1.2,-46.02,carutapera,22.0,83.0,78.62,6.8
74,29.13,15.95,hun,90.0,74.0,51.57,7.87
75,13.22,-59.52,bathsheba,20.0,78.0,78.8,16.11
76,-20.41,57.7,mahebourg,75.0,83.0,78.8,11.41
77,39.05,-27.98,lagoa,89.0,90.0,63.48,28.54
78,-33.59,26.89,port alfred,29.0,91.0,69.01,5.99
79,28.02,-97.52,san patricio,1.0,61.0,48.51,6.93
80,-2.76,-42.27,tutoia,11.0,78.0,80.53,11.48
81,-17.73,-149.15,tautira,40.0,62.0,84.09,13.87
82,7.71,81.69,batticaloa,26.0,74.0,80.87,4.92
83,-34.42,19.23,hermanus,88.0,90.0,61.0,6.33
85,34.64,-120.46,lompoc,1.0,87.0,47.46,4.7
86,-9.01,-35.22,maragogi,9.0,85.0,75.69,6.78
87,12.75,78.37,kuppam,76.0,76.0,74.68,11.54
88,-33.01,17.94,saldanha,63.0,82.0,59.0,5.82
89,-15.2,12.15,namibe,69.0,86.0,64.44,3.8
91,63.44,-20.27,vestmannaeyjar,85.0,68.0,41.22,6.51
92,0.52,25.2,kisangani,6.0,84.0,72.05,2.44
93,15.85,-97.07,puerto escondido,5.0,83.0,75.2,3.36
95,-2.47,28.82,kabare,47.0,80.0,64.4,1.14
96,-23.12,-134.97,rikitea,3.0,74.0,77.11,9.8
97,20.5,-10.07,adrar,0.0,31.0,62.49,9.44
98,13.22,18.34,ati,0.0,25.0,67.82,11.74
100,-4.05,19.53,mangai,100.0,98.0,70.34,0.38
102,33.85,-118.05,la palma,1.0,58.0,55.87,1.05
103,-20.34,57.76,bambous virieux,75.0,83.0,79.38,11.41
104,-0.6,73.08,hithadhoo,7.0,74.0,81.81,11.07
105,-11.74,24.43,mwinilunga,98.0,95.0,64.11,5.37
106,-8.84,121.66,ende,94.0,66.0,85.98,7.02
107,1.74,98.78,sibolga,97.0,69.0,83.52,4.74
108,-3.74,-43.34,corrente,39.0,96.0,72.91,1.81
109,9.31,42.13,harer,0.0,33.0,61.05,6.4
110,-11.83,31.45,mpika,100.0,90.0,65.19,2.19
111,4.87,-2.24,axim,85.0,88.0,77.97,8.72
112,-33.93,18.42,cape town,0.0,72.0,65.12,12.75
113,37.83,12.67,trapani,0.0,76.0,53.22,4.7
114,20.52,-13.05,atar,0.0,34.0,63.18,11.56
115,7.53,-12.51,bonthe,98.0,86.0,77.22,4.14
116,-2.67,141.3,vanimo,77.0,76.0,83.71,1.83
117,-0.18,10.76,ndjole,100.0,95.0,74.19,1.81
118,38.52,-28.7,ribeira grande,71.0,89.0,63.93,22.91
119,33.19,-82.53,avera,1.0,96.0,36.73,6.02
120,-2.02,147.27,lorengau,96.0,69.0,86.29,5.57
121,41.61,-4.8,arroyo,0.0,87.0,34.99,3.36
122,-18.17,49.38,toamasina,20.0,78.0,80.6,5.82
123,-29.68,-53.81,santa maria,75.0,94.0,71.6,6.93
124,27.04,14.43,sabha,47.0,63.0,48.99,10.27
126,3.78,72.97,mahibadhoo,96.0,69.0,82.08,6.78
128,9.4,-0.84,tamale,97.0,26.0,78.93,3.4
129,11.98,18.21,bitkine,25.0,26.0,65.34,5.21
130,6.12,81.12,hambantota,40.0,83.0,82.4,5.82
131,33.08,-16.33,camacha,40.0,71.0,57.2,3.36
132,-33.92,25.57,port elizabeth,0.0,93.0,64.4,14.99
133,-20.52,57.52,souillac,75.0,83.0,78.8,11.41
134,-20.75,-42.88,vicosa,100.0,95.0,66.72,6.82
135,71.69,128.87,tiksi,100.0,89.0,-17.59,3.24
136,53.6,91.39,belyy yar,0.0,79.0,19.4,4.47
137,31.35,27.25,marsa matruh,40.0,93.0,53.6,4.7
138,35.3,37.18,abu samrah,100.0,85.0,52.23,15.77
139,7.38,8.57,yaan,11.0,65.0,71.91,4.56
140,-9.11,124.89,atambua,82.0,79.0,82.4,7.43
141,7.13,-3.2,agnibilekrou,66.0,98.0,71.08,1.95
142,28.41,-80.6,cape canaveral,1.0,83.0,68.95,10.29
144,-18.06,13.84,opuwo,6.0,39.0,66.42,2.8
145,14.53,20.92,biltine,49.0,28.0,64.62,15.84
147,36.21,57.68,sabzevar,75.0,69.0,37.4,1.97
148,10.92,-7.0,sikasso,79.0,30.0,71.98,1.01
149,9.51,-7.57,odienne,100.0,74.0,74.37,2.89
150,-0.22,100.63,payakumbuh,94.0,67.0,82.02,2.33
151,4.88,-1.76,takoradi,98.0,89.0,77.85,8.68
152,20.2,1.01,tessalit,0.0,27.0,65.19,6.78
153,-7.3,27.42,manono,100.0,94.0,70.88,1.52
154,47.33,-0.25,saumur,67.0,93.0,43.95,2.24
155,63.84,-22.43,grindavik,0.0,73.0,35.6,11.41
156,70.47,-68.59,clyde river,75.0,83.0,-5.8,3.36
157,-24.02,21.87,tshane,0.0,65.0,71.42,12.91
158,-2.97,119.9,rantepao,96.0,77.0,79.5,2.71
160,12.16,-61.73,gouyave,20.0,83.0,78.8,4.7
161,5.26,-0.76,mumford,100.0,86.0,78.69,8.66
163,-23.13,-64.33,san ramon de la nueva oran,54.0,88.0,72.0,0.83
164,32.67,-17.1,ponta do sol,20.0,72.0,59.18,5.82
166,-3.8,102.27,bengkulu,58.0,67.0,85.23,13.11
167,10.67,-63.26,carupano,31.0,85.0,77.02,8.41
168,-31.41,-64.18,cordoba,0.0,59.0,64.81,6.93
169,-15.92,-46.11,arinos,100.0,88.0,70.65,1.61
172,50.12,-5.54,penzance,1.0,87.0,47.95,18.34
173,5.35,48.53,hobyo,11.0,73.0,78.8,18.77
174,-28.77,114.6,geraldton,0.0,42.0,82.4,24.16
175,-21.64,-41.05,sao joao da barra,31.0,85.0,75.22,17.83
176,9.28,79.3,rameswaram,55.0,77.0,80.38,6.69
177,4.95,23.92,rafai,41.0,32.0,65.8,3.65
178,-0.74,-90.35,puerto ayora,10.0,94.0,71.01,1.01
179,21.43,39.83,mecca,47.0,55.0,70.72,5.95
181,-0.18,-50.05,tucuma,100.0,90.0,77.0,6.73
182,56.0,8.13,hvide sande,100.0,72.0,46.0,5.01
183,-1.14,31.39,nsunga,75.0,77.0,69.8,5.82
184,50.72,4.87,jodoigne,100.0,93.0,49.06,11.41
185,7.77,-72.22,san cristobal,100.0,87.0,63.7,1.95
186,43.41,-124.22,north bend,75.0,100.0,51.93,16.11
187,40.92,-98.34,grand island,1.0,73.0,23.56,8.05
189,-22.47,-68.93,calama,0.0,52.0,49.84,4.29
190,30.15,62.6,rudbar,0.0,37.0,50.04,4.5
191,37.7,-121.94,dublin,75.0,71.0,52.25,2.37
192,-16.47,-54.64,rondonopolis,43.0,84.0,74.23,1.74
193,42.78,-9.06,muros,60.0,93.0,48.99,1.01
194,31.61,34.76,gat,5.0,100.0,55.24,1.01
195,14.04,-0.03,dori,27.0,21.0,72.82,9.62
196,-8.15,-36.37,brejo da madre de deus,83.0,85.0,69.67,5.66
197,26.0,63.04,turbat,0.0,21.0,65.55,10.6
198,45.76,106.27,mandalgovi,69.0,90.0,6.12,9.73
199,58.97,-3.3,stromness,92.0,81.0,46.4,25.28
200,4.42,-7.35,tabou,100.0,82.0,79.12,5.14
201,2.36,102.04,kuala sungai baru,20.0,79.0,84.09,3.36
202,20.0,-3.0,tombouctou,51.0,24.0,67.12,10.8
203,62.23,-6.59,klaksvik,100.0,100.0,46.4,9.17
204,64.89,-23.71,olafsvik,33.0,83.0,36.19,22.5
205,-0.91,122.88,biak,100.0,64.0,86.45,2.3
206,29.5,-98.62,leon valley,1.0,45.0,43.07,4.7
207,17.89,-77.59,bull savanna,15.0,88.0,72.9,5.91
209,38.62,-9.1,arrentela,0.0,87.0,49.68,1.12
210,33.82,-78.68,north myrtle beach,90.0,100.0,42.96,5.82
211,8.0,124.29,marawi,100.0,79.0,82.99,7.0
212,-23.86,35.38,inhambane,75.0,83.0,78.8,2.24
213,22.68,-3.98,taoudenni,0.0,30.0,60.93,4.34
214,31.45,12.98,mizdah,76.0,52.0,48.63,4.68
215,4.71,6.79,abonnema,95.0,92.0,76.3,3.13
216,-30.18,-50.21,cidreira,99.0,92.0,72.52,13.49
217,43.31,45.16,sernovodsk,90.0,100.0,32.61,8.95
218,-6.98,-34.83,cabedelo,20.0,83.0,78.8,4.7
220,41.34,-6.71,mogadouro,43.0,96.0,32.0,0.81
221,-24.87,113.63,carnarvon,0.0,58.0,82.4,21.92
222,-5.04,18.82,kikwit,100.0,97.0,70.27,2.24
223,60.4,-1.35,brae,100.0,87.0,48.2,23.04
224,36.39,4.4,tazmalt,0.0,67.0,57.2,17.22
225,-12.04,-77.03,lima,0.0,82.0,68.0,11.41
226,22.89,-109.91,cabo san lucas,75.0,67.0,62.87,8.05
227,-31.54,-68.54,san juan,93.0,35.0,79.93,14.5
228,2.02,112.93,kapit,96.0,79.0,79.84,1.59
229,73.51,80.55,dikson,2.0,84.0,-29.83,16.17
230,10.15,-85.45,nicoya,0.0,94.0,75.2,2.24
231,40.93,23.18,xilopolis,99.0,91.0,48.65,1.39
232,-2.89,-40.12,acarau,94.0,84.0,78.73,11.1
233,71.97,102.5,khatanga,1.0,81.0,-32.73,4.23
234,1.2,-70.17,mitu,69.0,97.0,72.1,0.6
235,34.69,135.8,nara,75.0,48.0,45.55,9.17
236,69.22,-51.1,ilulissat,59.0,44.0,21.2,6.93
237,-34.58,150.86,flinders,98.0,88.0,77.0,8.99
238,-35.33,-72.42,constitucion,0.0,66.0,55.63,4.03
239,4.14,96.13,meulaboh,98.0,85.0,80.06,7.56
240,77.48,-69.36,qaanaaq,0.0,71.0,0.9,7.52
241,0.7,108.9,sungairaya,100.0,83.0,79.29,1.97
242,-26.65,15.16,luderitz,0.0,82.0,60.8,5.82
243,5.65,36.65,jinka,35.0,50.0,67.32,2.42
244,8.41,20.65,ndele,32.0,24.0,69.98,6.96
245,3.07,172.79,butaritari,93.0,78.0,82.36,20.98
246,14.2,24.67,kutum,1.0,49.0,49.21,6.71
247,38.42,-121.42,laguna,90.0,71.0,52.27,3.36
248,17.02,54.09,salalah,0.0,64.0,71.6,3.36
249,-7.05,113.93,kalianget,100.0,75.0,82.36,3.22
250,5.79,0.9,anloga,20.0,88.0,80.6,5.82
251,-9.17,-60.63,aripuana,53.0,97.0,72.41,0.69
252,20.7,-105.2,ixtapa,3.0,91.0,70.0,1.01
253,-30.74,30.45,port shepstone,1.0,76.0,71.4,11.88
254,-37.83,140.77,mount gambier,75.0,93.0,59.0,17.22
255,40.74,-114.07,west wendover,1.0,80.0,30.2,8.05
256,49.98,92.07,ulaangom,84.0,86.0,-4.0,1.48
257,-6.34,-47.4,porto franco,98.0,92.0,73.51,2.44
259,-17.71,-39.25,caravelas,21.0,90.0,72.63,3.8
260,-16.17,49.77,mananara,18.0,71.0,81.18,3.58
262,-33.23,-54.38,treinta y tres,0.0,96.0,58.93,4.85
263,-21.01,55.27,saint-paul,75.0,65.0,74.88,18.34
264,-28.55,16.43,oranjemund,1.0,86.0,61.34,16.8
265,11.28,-15.83,bubaque,44.0,55.0,78.87,17.92
268,5.03,21.21,alindao,87.0,35.0,68.58,4.74
269,72.79,-56.15,upernavik,57.0,83.0,14.63,4.27
270,-2.88,108.27,manggar,100.0,65.0,86.45,8.81
271,7.47,4.35,gbongan,75.0,88.0,77.0,5.82
272,5.38,-52.95,sinnamary,98.0,86.0,78.42,8.12
273,6.58,3.75,lagos,83.0,88.0,78.8,3.71
275,2.77,27.62,isiro,100.0,61.0,64.99,1.92
276,32.87,59.22,birjand,20.0,69.0,33.8,4.18
277,27.98,94.67,basar,75.0,82.0,68.0,6.93
278,8.12,-63.55,ciudad bolivar,91.0,80.0,76.91,10.94
279,54.01,38.22,kamenetskiy,99.0,99.0,29.93,12.93
280,5.89,95.32,sabang,100.0,84.0,79.07,10.65
281,10.4,5.47,kontagora,3.0,25.0,68.22,6.2
282,7.98,49.82,eyl,10.0,57.0,79.99,18.95
283,-12.38,16.93,kuito,95.0,81.0,58.77,7.81
284,-11.38,43.28,mitsamiouli,79.0,68.0,82.87,7.52
285,18.43,-68.97,la romana,20.0,100.0,69.8,7.9
286,43.75,-81.72,goderich,97.0,79.0,23.0,16.11
288,14.73,0.92,ayorou,60.0,23.0,70.5,7.14
289,28.97,50.84,bushehr,75.0,72.0,66.2,11.41
291,14.73,-6.12,sokolo,16.0,22.0,73.9,10.2
293,44.06,-103.15,rapid valley,1.0,68.0,31.26,9.89
294,18.74,7.39,arlit,0.0,26.0,63.86,6.91
295,42.22,-70.94,weymouth,90.0,79.0,28.8,25.28
296,16.52,-98.75,tecoanapa,79.0,79.0,75.47,3.74
297,17.15,-25.02,pombas,40.0,64.0,71.6,23.04
298,-9.88,-56.09,alta floresta,17.0,91.0,71.02,0.92
299,-33.3,-66.34,san luis,38.0,32.0,75.24,20.04
300,21.14,86.74,basudebpur,0.0,39.0,82.08,11.65
301,54.34,101.5,kuytun,67.0,87.0,-3.46,8.32
302,-8.01,-34.86,olinda,40.0,69.0,78.8,5.82
303,46.62,10.7,lasa,5.0,85.0,30.43,1.66
304,14.92,120.55,lubao,75.0,62.0,86.0,4.7
305,3.17,-52.32,camopi,41.0,97.0,71.2,1.97
306,-0.88,131.25,sorong,100.0,67.0,85.46,9.08
307,16.72,98.57,mae sot,20.0,62.0,84.2,2.24
308,19.35,83.78,gudari,82.0,46.0,83.8,1.66
309,46.42,3.91,saint-francois,31.0,100.0,39.52,2.24
310,-7.21,-36.83,taperoa,56.0,78.0,71.49,11.83
311,-10.26,29.93,luwingu,100.0,95.0,65.05,4.63
312,9.24,124.66,yumbing,93.0,74.0,82.8,13.53
313,-21.21,-159.78,avarua,100.0,78.0,82.4,10.29
314,2.23,32.91,lira,48.0,54.0,68.5,3.76
315,21.46,-71.14,cockburn town,77.0,82.0,77.72,16.49
316,14.1,-1.63,djibo,26.0,22.0,72.28,8.68
317,39.17,-0.25,cullera,74.0,84.0,50.7,3.0
318,6.37,2.42,cotonou,40.0,94.0,80.6,2.24
319,-24.83,16.98,maltahohe,1.0,20.0,74.05,18.37
320,1.65,14.58,sembe,93.0,94.0,70.0,2.89
321,11.28,49.18,bosaso,4.0,65.0,75.11,2.06
322,-2.48,29.56,nzega,72.0,87.0,59.05,3.47
323,47.75,25.18,izvoarele sucevei,100.0,93.0,36.0,0.92
325,-10.0,39.72,lindi,40.0,88.0,77.0,6.93
326,-1.8,37.62,makueni,93.0,88.0,65.37,2.86
327,9.49,50.81,bandarbeyla,38.0,72.0,77.07,21.65
328,49.58,111.98,kyra,0.0,68.0,3.25,17.49
329,26.89,88.07,birin,6.0,62.0,57.18,5.21
330,2.98,34.13,kotido,14.0,42.0,73.87,12.77
331,28.1,-16.68,arona,20.0,68.0,63.34,8.05
332,3.33,20.88,businga,36.0,56.0,69.17,1.39
333,-6.47,16.82,kasongo-lunda,100.0,94.0,69.66,0.56
334,-28.78,32.04,richards bay,70.0,70.0,73.04,6.58
335,23.22,81.53,burhar,1.0,50.0,66.78,4.79
336,-24.79,-50.01,castro,100.0,94.0,64.62,2.37
337,-42.88,147.33,hobart,75.0,72.0,60.87,5.82
338,13.93,41.69,edd,0.0,46.0,79.12,15.21
339,22.57,59.53,sur,12.0,47.0,72.84,7.94
340,14.92,-23.51,praia,75.0,73.0,71.6,20.8
341,-0.22,20.87,boende,66.0,86.0,73.76,1.57
342,-4.67,-44.85,pocao de pedras,100.0,95.0,73.56,3.42
343,22.48,103.95,lao cai,65.0,46.0,65.3,2.89
344,-15.47,-69.43,putina,65.0,76.0,44.06,5.86
345,37.73,-25.67,ponta delgada,75.0,93.0,62.6,18.34
347,-0.81,12.73,lastoursville,100.0,92.0,72.82,1.5
348,-8.19,114.97,banjar,20.0,74.0,86.0,11.41
349,-43.3,-65.1,rawson,10.0,36.0,66.94,17.11
350,45.87,25.78,sfantu gheorghe,100.0,94.0,28.87,1.1
351,27.98,-114.06,guerrero negro,0.0,39.0,56.21,4.94
352,31.96,-83.78,cordele,90.0,93.0,46.24,3.51
354,-16.19,-55.97,barao de melgaco,0.0,61.0,82.4,2.24
355,55.62,38.12,ilinskiy,90.0,97.0,30.87,8.95
356,4.77,33.59,kapoeta,82.0,36.0,81.34,13.29
357,19.75,10.25,agadez,0.0,36.0,55.9,5.97
358,-0.95,100.35,padang,98.0,69.0,82.27,3.53
359,41.57,35.91,bafra,75.0,87.0,48.2,2.24
360,-22.12,14.28,henties bay,19.0,88.0,63.0,5.01
361,13.55,-7.45,banamba,61.0,26.0,71.29,6.15
362,15.8,-84.28,barra patuca,68.0,87.0,77.36,6.42
363,-0.48,15.9,owando,99.0,94.0,71.22,1.88
364,20.71,-78.0,santa cruz del sur,20.0,88.0,70.61,8.08
365,10.37,10.73,bara,12.0,27.0,64.62,6.04
366,1.24,23.62,basoko,40.0,77.0,73.2,1.39
367,44.88,28.37,topolog,99.0,86.0,41.0,4.72
368,9.52,-84.32,parrita,0.0,82.0,66.94,8.05
369,56.12,38.88,krasnyy oktyabr,99.0,97.0,32.41,8.84
370,-4.15,13.55,madingou,100.0,95.0,73.33,3.0
371,-11.78,19.92,luena,91.0,96.0,61.38,5.06
372,-16.54,28.71,siavonga,100.0,78.0,76.82,10.74
373,9.91,-67.35,san juan de los morros,92.0,89.0,68.18,3.51
374,36.62,101.77,xining,100.0,82.0,18.14,3.24
375,50.68,156.12,severo-kurilsk,98.0,89.0,30.36,11.14
376,-1.29,-47.93,castanhal,99.0,94.0,75.2,2.24
377,11.25,-85.87,san juan del sur,0.0,81.0,78.44,16.42
378,67.67,12.69,sorland,4.0,76.0,38.08,12.1
379,18.44,1.41,kidal,0.0,26.0,67.08,4.63
380,63.37,47.92,blagoyevo,100.0,97.0,18.75,1.9
381,-20.18,25.23,gweta,100.0,90.0,68.52,16.53
382,37.1,-113.58,saint george,1.0,37.0,37.31,2.98
383,-3.67,152.43,namatanai,100.0,72.0,84.38,5.5
385,-0.42,36.95,nyeri,77.0,77.0,59.09,3.65
386,4.93,-52.33,cayenne,75.0,100.0,73.4,1.12
388,62.71,56.2,troitsko-pechorsk,91.0,96.0,12.33,4.5
389,-32.03,-52.1,rio grande,5.0,92.0,69.01,11.45
390,57.79,-152.41,kodiak,90.0,86.0,30.2,8.57
391,-38.27,141.97,codrington,95.0,76.0,65.19,15.88
392,-11.7,43.26,moroni,91.0,64.0,82.8,1.79
393,25.67,76.7,sheopur,0.0,30.0,63.09,6.71
394,-2.79,10.1,tsogni,100.0,97.0,73.36,6.76
395,46.38,23.1,bistra,90.0,77.0,33.91,3.36
396,-33.13,-64.35,rio cuarto,0.0,52.0,67.6,4.0
397,17.16,-89.07,san ignacio,75.0,88.0,75.11,4.7
398,-8.65,115.22,denpasar,20.0,74.0,86.0,11.41
399,18.28,-70.33,bani,3.0,89.0,73.0,1.01
400,37.72,-25.43,vila franca do campo,75.0,93.0,62.6,18.34
401,-32.5,137.77,port augusta,19.0,52.0,73.65,19.46
402,26.59,12.78,awbari,17.0,59.0,49.44,9.6
403,-8.57,32.05,laela,100.0,89.0,64.9,0.56
404,39.36,-74.42,atlantic city,90.0,93.0,46.92,25.28
405,7.37,12.65,tignere,19.0,30.0,62.83,1.9
406,65.58,-171.0,lavrentiya,99.0,93.0,8.69,22.37
407,42.44,11.22,orbetello,40.0,93.0,42.8,5.82
408,0.08,-76.88,nueva loja,46.0,95.0,70.66,1.39
409,5.88,-10.05,buchanan,75.0,94.0,73.4,6.93
410,13.05,3.19,dosso,72.0,24.0,69.33,7.94
411,54.63,-8.45,killybegs,65.0,94.0,44.01,7.0
412,-2.72,17.68,nioki,100.0,98.0,71.2,1.88
413,6.3,-10.8,monrovia,75.0,94.0,73.4,6.93
414,78.22,15.64,longyearbyen,90.0,78.0,12.2,17.22
415,-0.45,39.64,garissa,21.0,76.0,77.34,8.57
416,5.03,25.14,zemio,43.0,34.0,67.53,4.61
417,3.46,8.55,luba,20.0,100.0,78.8,8.05
418,-38.55,-58.74,necochea,0.0,91.0,51.01,7.72
419,3.08,-59.95,bonfim,35.0,81.0,76.95,5.21
420,4.92,6.26,yenagoa,65.0,95.0,75.06,2.82
421,-20.01,57.66,grand gaube,24.0,75.0,80.01,5.01
423,-31.67,18.5,vredendal,0.0,64.0,63.86,2.19
424,15.49,-13.18,kanel,0.0,40.0,71.6,4.7
425,-8.84,13.23,luanda,75.0,83.0,75.2,4.7
426,8.9,40.78,bedesa,0.0,38.0,61.86,4.27
427,7.96,-74.05,santa rosa del sur,99.0,92.0,69.82,2.48
428,-21.98,16.92,okahandja,44.0,46.0,70.45,4.7
429,28.5,-13.86,puerto del rosario,75.0,77.0,64.4,11.41
430,59.7,30.79,nikolskoye,90.0,91.0,34.52,15.66
431,-12.91,15.25,longonjo,70.0,90.0,59.41,1.5
432,-0.68,36.97,kangema,84.0,84.0,57.0,7.0
433,-28.47,-65.79,catamarca,95.0,74.0,62.51,1.99
434,7.0,0.29,kpandu,10.0,85.0,76.03,2.33
435,3.38,31.79,adjumani,99.0,42.0,71.85,2.1
436,55.74,-97.86,thompson,40.0,75.0,-16.6,4.7
437,1.61,16.05,ouesso,72.0,94.0,70.99,1.79
438,52.71,16.38,wronki,90.0,100.0,41.0,8.05
439,55.1,-105.28,la ronge,100.0,76.0,-9.4,1.12
440,-17.9,-64.48,comarapa,100.0,94.0,59.23,1.81
441,25.52,90.22,tura,0.0,38.0,73.18,4.5
442,-3.24,35.49,ngorongoro,24.0,96.0,56.79,2.89
443,5.52,5.75,warri,100.0,93.0,77.5,2.37
444,38.07,-78.89,waynesboro,90.0,100.0,27.43,3.36
445,43.65,111.98,erenhot,28.0,90.0,10.0,10.42
446,13.47,22.2,adre,0.0,34.0,58.6,15.37
447,4.31,22.56,ouango,44.0,40.0,66.2,2.77
448,-33.7,-53.46,chuy,0.0,94.0,61.05,5.21
449,39.95,-75.16,filadelfia,90.0,94.0,29.79,20.8
450,-37.62,-73.65,lebu,36.0,85.0,52.41,16.04
451,-12.35,13.55,lobito,98.0,77.0,72.79,3.2
453,44.83,78.82,tekeli,0.0,80.0,17.89,5.03
454,-8.18,-76.51,tocache,99.0,87.0,69.04,0.49
455,37.34,-121.89,san jose,90.0,66.0,53.33,4.7
456,7.99,117.06,balabac,100.0,78.0,83.01,15.77
457,11.67,92.75,port blair,100.0,70.0,84.11,13.06
458,11.42,-7.48,bougouni,87.0,23.0,74.77,2.04
459,43.42,-4.75,llanes,8.0,63.0,46.56,6.49
460,31.46,131.23,kushima,20.0,36.0,48.2,18.34
461,-20.22,-70.14,iquique,0.0,72.0,68.0,6.93
462,35.37,-120.85,morro bay,95.0,81.0,51.85,1.01
463,-16.73,-43.86,montes claros,0.0,68.0,71.6,4.7
464,12.06,-61.75,saint-georges,20.0,83.0,78.8,4.7
465,13.3,-4.9,san,77.0,21.0,72.9,7.36
466,7.24,-70.73,guasdualito,100.0,93.0,72.68,3.47
467,51.38,1.39,margate,44.0,86.0,47.98,1.99
468,-1.8,-53.48,prainha,87.0,78.0,75.13,2.89
469,7.62,-11.83,mattru,100.0,91.0,73.87,3.22
470,16.64,1.64,gao,8.0,22.0,71.13,7.7
471,-7.91,39.67,kilindoni,46.0,79.0,81.81,11.86
472,-34.48,-54.33,rocha,8.0,96.0,56.86,5.57
473,56.03,87.62,verkh-chebula,100.0,92.0,14.79,17.0
474,4.41,32.57,torit,95.0,32.0,76.87,2.93
475,-6.22,-57.75,jacareacanga,100.0,91.0,74.07,0.76
476,12.81,-16.23,bignona,0.0,83.0,69.8,4.7
477,-0.96,29.79,kanungu,70.0,65.0,66.07,1.86
478,14.4,46.47,marzuq,0.0,27.0,64.22,1.25
480,39.36,-9.38,peniche,21.0,100.0,44.98,5.99
481,15.17,44.32,sayyan,0.0,34.0,53.46,0.98
482,-12.58,13.41,benguela,92.0,79.0,72.25,2.73
483,8.47,-0.01,kpandae,88.0,71.0,80.11,3.33
484,68.75,161.3,cherskiy,99.0,87.0,-19.32,3.6
485,-5.79,-35.21,natal,75.0,88.0,78.8,6.93
486,26.35,127.87,gushikawa,90.0,72.0,62.38,11.41
487,10.57,72.64,kavaratti,75.0,74.0,84.2,3.36
488,-21.34,55.48,saint-pierre,0.0,62.0,77.2,3.36
489,4.57,28.4,yambio,44.0,41.0,70.86,2.73
490,37.32,-8.8,aljezur,13.0,30.0,48.0,3.0
491,43.47,-80.52,waterloo,90.0,92.0,19.81,14.99
492,42.49,78.39,karakol,74.0,85.0,21.42,0.27
493,-0.32,102.35,japura,97.0,53.0,90.55,5.75
494,38.73,-27.07,praia da vitoria,40.0,82.0,62.78,17.13
495,10.62,104.18,kampot,20.0,58.0,86.0,8.05
496,-21.42,-50.08,penapolis,0.0,57.0,75.2,23.04
497,-13.54,23.1,zambezi,100.0,95.0,66.81,6.62
498,1.57,30.25,bunia,79.0,59.0,64.94,4.03
499,-9.67,-35.74,maceio,0.0,94.0,73.4,3.36
